{"options":{"check_for_updates":true,"comment":null,"compat_foreach":false,"compat_metadata":false,"compat_powerful_this":null,"compat_wrappedjsobject":false,"compatopts_for_requires":true,"noframes":null,"override":{"merge_connects":true,"merge_excludes":true,"merge_includes":true,"merge_matches":true,"orig_connects":["www.iflyrec.com"],"orig_excludes":[],"orig_includes":[],"orig_matches":["https://githubfast.com/*","https://github.com/*","https://gist.github.com/*"],"orig_noframes":null,"orig_run_at":"document-end","use_blockers":[],"use_connects":[],"use_excludes":[],"use_includes":[],"use_matches":[]},"run_at":null,"sandbox":null,"tab_types":null,"unwrap":null,"user_modified":1700567321226},"settings":{"enabled":true,"position":8},"meta":{"name":"GitHub 中文化插件","uuid":"69c2b130-9bae-4202-ae75-39d815c4270e","modified":1700567321223,"file_url":"https://update.greasyfork.org/scripts/435208/GitHub%20%E4%B8%AD%E6%96%87%E5%8C%96%E6%8F%92%E4%BB%B6.user.js"}}