{"options":{"check_for_updates":true,"user_modified":null,"comment":null,"compatopts_for_requires":true,"compat_wrappedjsobject":false,"compat_metadata":false,"compat_foreach":false,"compat_powerful_this":null,"sandbox":null,"noframes":null,"unwrap":null,"run_at":null,"tab_types":null,"override":{"merge_connects":true,"merge_excludes":true,"merge_includes":true,"merge_matches":true,"orig_connects":[],"orig_excludes":[],"orig_includes":[],"orig_matches":["*://*.github.com/*"],"orig_noframes":null,"orig_run_at":"document-start","use_blockers":[],"use_connects":[],"use_excludes":[],"use_includes":[],"use_matches":[]}},"settings":{"enabled":true,"position":7},"meta":{"name":"GitHub.com国内加速访问","uuid":"c173489b-358c-419c-9f11-ce1616e2c150","modified":1702427671944,"file_url":"https://update.greasyfork.org/scripts/480266/GitHubcom%E5%9B%BD%E5%86%85%E5%8A%A0%E9%80%9F%E8%AE%BF%E9%97%AE.user.js"}}