{"options":{"check_for_updates":true,"comment":null,"compat_foreach":false,"compat_metadata":false,"compat_powerful_this":null,"compat_wrappedjsobject":false,"compatopts_for_requires":true,"noframes":null,"override":{"merge_connects":true,"merge_excludes":true,"merge_includes":true,"merge_matches":true,"orig_connects":["translate.googleapis.com","api-edge.cognitive.microsofttranslator.com","edge.microsoft.com","transmart.qq.com","tmt.tencentcloudapi.com","www2.deepl.com","w.deepl.com","immersive-translate.owenyoung.com","chat.openai.com","bing.com","www.bing.com","open.volcengineapi.com","fanyi.baidu.com","api.fanyi.baidu.com","api.interpreter.caiyunai.com","api-free.deepl.com","api.deepl.com","api.openl.club","openapi.youdao.com","translate.volcengine.com","api.niutrans.com","immersivetranslate.com","api.immersivetranslate.com","immersive-translate.deno.dev","www.googleapis.com","www.google-analytics.com","api.papago-chrome.com","api.openai.com","api.interpreter.caiyunai.com","api.cognitive.microsofttranslator.com","aidemo.youdao.com","localhost"],"orig_excludes":[],"orig_includes":["*"],"orig_matches":["*://*/*"],"orig_noframes":null,"orig_run_at":"document-end","use_blockers":[],"use_connects":[],"use_excludes":[],"use_includes":[],"use_matches":[]},"run_at":null,"sandbox":"DOM","tab_types":null,"unwrap":null,"user_modified":null},"settings":{"enabled":true,"position":4},"meta":{"name":"Immersive Translate","uuid":"07735747-d8e5-49da-94a6-37812d098be9","modified":1686533390178,"file_url":"https://greasyfork.org/scripts/457196-immersive-translate/code/Immersive%20Translate.user.js"}}