{"options":{"check_for_updates":false,"comment":null,"compat_foreach":false,"compat_metadata":false,"compat_powerful_this":null,"compat_wrappedjsobject":false,"compatopts_for_requires":true,"noframes":null,"override":{"merge_connects":true,"merge_excludes":true,"merge_includes":true,"merge_matches":true,"orig_connects":["*"],"orig_excludes":[],"orig_includes":[],"orig_matches":["https://movie.douban.com/subject/*","https://m.douban.com/movie/*"],"orig_noframes":null,"orig_run_at":"document-end","use_blockers":[],"use_connects":["xinlangapi.com","xkanzy10.com","wolongzyw.com","lziapi.com","*"],"use_excludes":[],"use_includes":[],"use_matches":[]},"run_at":null,"sandbox":null,"tab_types":null,"unwrap":null,"user_modified":null},"settings":{"enabled":true,"position":6},"meta":{"name":"我只想好好观影","uuid":"7dce4b6a-bf60-4f02-9eca-1e5e8189d22f","modified":1699960759892,"file_url":"https://update.greasyfork.org/scripts/459540/%E6%88%91%E5%8F%AA%E6%83%B3%E5%A5%BD%E5%A5%BD%E8%A7%82%E5%BD%B1.user.js"}}