{"options":{"check_for_updates":true,"comment":null,"compat_foreach":false,"compat_metadata":false,"compat_powerful_this":null,"compat_wrappedjsobject":false,"compatopts_for_requires":true,"noframes":null,"override":{"merge_connects":true,"merge_excludes":true,"merge_includes":true,"merge_matches":true,"orig_connects":["*"],"orig_excludes":[],"orig_includes":["*://*.douyin.com/*","*://*.iesdouyin.com/*"],"orig_matches":[],"orig_noframes":null,"orig_run_at":"document-idle","use_blockers":[],"use_connects":[],"use_excludes":[],"use_includes":[],"use_matches":[]},"run_at":null,"sandbox":null,"tab_types":null,"unwrap":null,"user_modified":null},"settings":{"enabled":true,"position":5},"meta":{"name":"抖音视频下载器","uuid":"2ec210c8-2cb3-492b-ba42-7f2415fb1442","modified":1699425977584,"file_url":"https://greasyfork.org/scripts/443797-%E6%8A%96%E9%9F%B3%E8%A7%86%E9%A2%91%E4%B8%8B%E8%BD%BD%E5%99%A8/code/%E6%8A%96%E9%9F%B3%E8%A7%86%E9%A2%91%E4%B8%8B%E8%BD%BD%E5%99%A8.user.js"}}