{"options":{"check_for_updates":true,"comment":null,"compat_foreach":false,"compat_metadata":false,"compat_powerful_this":null,"compat_wrappedjsobject":false,"compatopts_for_requires":true,"noframes":null,"override":{"merge_connects":true,"merge_excludes":true,"merge_includes":true,"merge_matches":true,"orig_connects":["localhost","127.0.0.1","qianqian.club","qianqian001.club","qianqian002.club","qianqian003.club","qianqian004.club","qianqian005.club","qianqian006.club","qianqian007.club","qianqian008.club","qianqian009.club","baidu.com"],"orig_excludes":[],"orig_includes":[],"orig_matches":["*://pan.baidu.com/*","*://yun.baidu.com/*"],"orig_noframes":null,"orig_run_at":"document-idle","use_blockers":[],"use_connects":[],"use_excludes":[],"use_includes":[],"use_matches":[]},"run_at":null,"sandbox":null,"tab_types":null,"unwrap":null,"user_modified":null},"settings":{"enabled":true,"position":6},"meta":{"name":"百度网盘千千下载助手","uuid":"26cf3308-e311-4d84-98b2-2347f547ad3e","modified":1700367873489,"file_url":"https://update.greasyfork.org/scripts/463171/%E7%99%BE%E5%BA%A6%E7%BD%91%E7%9B%98%E5%8D%83%E5%8D%83%E4%B8%8B%E8%BD%BD%E5%8A%A9%E6%89%8B.user.js"}}