{"options":{"check_for_updates":true,"user_modified":null,"comment":null,"compatopts_for_requires":true,"compat_wrappedjsobject":false,"compat_metadata":false,"compat_foreach":false,"compat_powerful_this":null,"sandbox":null,"noframes":null,"unwrap":null,"run_at":null,"tab_types":null,"override":{"merge_connects":true,"merge_excludes":true,"merge_includes":true,"merge_matches":true,"orig_connects":["baidu.com","baidupcs.com","aliyundrive.com","aliyundrive.net","alipan.com","189.cn","xunlei.com","quark.cn","youxiaohou.com","gcore.jsdelivr.net","localhost","*"],"orig_excludes":[],"orig_includes":[],"orig_matches":["*://pan.baidu.com/disk/home*","*://yun.baidu.com/disk/home*","*://pan.baidu.com/disk/main*","*://yun.baidu.com/disk/main*","*://pan.baidu.com/disk/base*","*://yun.baidu.com/disk/base*","*://pan.baidu.com/wap/home*","*://yun.baidu.com/wap/home*","*://pan.baidu.com/wap/main*","*://yun.baidu.com/wap/main*","*://pan.baidu.com/s/*","*://pan.baidu.com/aipan/*","*://yun.baidu.com/s/*","*://yun.baidu.com/aipan/*","*://pan.baidu.com/share/*","*://yun.baidu.com/share/*","*://www.aliyundrive.com/s/*","*://www.aliyundrive.com/drive*","*://www.alipan.com/s/*","*://www.alipan.com/drive*","*://cloud.189.cn/web/*","*://pan.xunlei.com/*","*://pan.quark.cn/*","*://yun.139.com/*","*://caiyun.139.com/*","*://*.youxiaohou.com/*"],"orig_noframes":null,"orig_run_at":"document-idle","use_blockers":[],"use_connects":[],"use_excludes":[],"use_includes":[],"use_matches":[]}},"settings":{"enabled":true,"position":9},"meta":{"name":"（改）网盘直链下载助手","uuid":"f01a6744-88fc-4795-a948-624e57f16f1f","modified":1702427672302,"file_url":"https://update.greasyfork.org/scripts/449291/%EF%BC%88%E6%94%B9%EF%BC%89%E7%BD%91%E7%9B%98%E7%9B%B4%E9%93%BE%E4%B8%8B%E8%BD%BD%E5%8A%A9%E6%89%8B.user.js"}}